seed,style,layer,recall1,recall5,mrr,correct_cos,hard_negative_cos,margin
11,sequential,0,0.46000000834465027,0.503333330154419,0.4898262619972229,0.980344831943512,0.9960470795631409,-0.01570224016904831
11,sequential,1,0.6433333158493042,0.7333333492279053,0.6800580024719238,0.9857972264289856,0.9953299760818481,-0.009532787837088108
11,sequential,2,0.4566666781902313,0.5799999833106995,0.5194503664970398,0.9365854859352112,0.9938452243804932,-0.05725962296128273
11,sequential,3,0.2866666615009308,0.3933333456516266,0.346564382314682,0.9385746121406555,0.9927585124969482,-0.05418373644351959
11,sequential,4,0.23666666448116302,0.33666667342185974,0.29208773374557495,0.9361320734024048,0.9915595650672913,-0.05542730167508125
11,sequential,5,0.1733333319425583,0.2800000011920929,0.22912612557411194,0.9440110325813293,0.9919049143791199,-0.04789390787482262
11,sequential,6,0.14666666090488434,0.20999999344348907,0.19090743362903595,0.9393151998519897,0.9904466867446899,-0.05113144591450691
11,sequential,7,0.10333333164453506,0.15666666626930237,0.14185146987438202,0.9364937543869019,0.9890942573547363,-0.05260048434138298
11,sequential,8,0.08666666597127914,0.11666666716337204,0.11312548071146011,0.9229705929756165,0.9853683710098267,-0.06239791214466095
11,sequential,9,0.07666666805744171,0.09666666388511658,0.09989000111818314,0.9219667315483093,0.9832238554954529,-0.06125713512301445
11,sequential,10,0.06666667014360428,0.09666666388511658,0.09173642843961716,0.9250851273536682,0.983951210975647,-0.058866094797849655
11,sequential,11,0.05000000074505806,0.05999999865889549,0.06907658278942108,0.9393966794013977,0.9872125387191772,-0.04781593754887581
11,sequential,12,0.01666666753590107,0.03999999910593033,0.03870074450969696,0.9972837567329407,0.9995574951171875,-0.002273903926834464
11,alphanumeric,0,0.7566666603088379,0.7866666913032532,0.7703110575675964,0.9848384857177734,0.9787188768386841,0.0061195786111056805
11,alphanumeric,1,0.8899999856948853,0.903333306312561,0.8964656591415405,0.9879940748214722,0.9807713627815247,0.007222787477076054
11,alphanumeric,2,0.8866666555404663,0.8999999761581421,0.8922085762023926,0.9457590579986572,0.9747488498687744,-0.028989868238568306
11,alphanumeric,3,0.8866666555404663,0.903333306312561,0.8939545750617981,0.9391319751739502,0.9699105620384216,-0.0307785477489233
11,alphanumeric,4,0.8933333158493042,0.903333306312561,0.8981214165687561,0.9374579787254333,0.9638454914093018,-0.02638755552470684
11,alphanumeric,5,0.8833333253860474,0.903333306312561,0.8925663232803345,0.9416183233261108,0.9628486037254333,-0.02123025618493557
11,alphanumeric,6,0.8399999737739563,0.8833333253860474,0.8592939972877502,0.9404883980751038,0.960835874080658,-0.020347492769360542
11,alphanumeric,7,0.7866666913032532,0.8666666746139526,0.8214706182479858,0.9415132403373718,0.9617931246757507,-0.020279794931411743
11,alphanumeric,8,0.6166666746139526,0.699999988079071,0.6629654765129089,0.9323427081108093,0.9606060981750488,-0.028263378888368607
11,alphanumeric,9,0.5333333611488342,0.6000000238418579,0.5727344155311584,0.9269130229949951,0.9595231413841248,-0.03261023759841919
11,alphanumeric,10,0.38999998569488525,0.4833333194255829,0.44336140155792236,0.9280768632888794,0.9650872945785522,-0.03701028227806091
11,alphanumeric,11,0.2566666603088379,0.3266666531562805,0.3000869154930115,0.9412264823913574,0.9755103588104248,-0.0342838279902935
11,alphanumeric,12,0.05000000074505806,0.09000000357627869,0.08200310915708542,0.9982900023460388,0.9995547533035278,-0.001264918246306479
11,pseudoname,0,0.7933333516120911,0.8299999833106995,0.8138838410377502,0.9823088645935059,0.9677402973175049,0.01456861849874258
11,pseudoname,1,0.903333306312561,0.903333306312561,0.9037376642227173,0.9859526753425598,0.970855712890625,0.015096912160515785
11,pseudoname,2,0.8966666460037231,0.903333306312561,0.9003413915634155,0.9388375878334045,0.9606636762619019,-0.021826118230819702
11,pseudoname,3,0.903333306312561,0.903333306312561,0.9036750197410583,0.9378291964530945,0.9527183175086975,-0.014889190904796124
11,pseudoname,4,0.903333306312561,0.903333306312561,0.9036755561828613,0.9343456029891968,0.9411547780036926,-0.00680922344326973
11,pseudoname,5,0.903333306312561,0.903333306312561,0.9036765694618225,0.9386242628097534,0.9380359053611755,0.0005882994155399501
11,pseudoname,6,0.903333306312561,0.903333306312561,0.9036772847175598,0.9372892379760742,0.9314124584197998,0.005876848474144936
11,pseudoname,7,0.903333306312561,0.903333306312561,0.9036777019500732,0.9375998973846436,0.9311748147010803,0.006425034254789352
11,pseudoname,8,0.8933333158493042,0.903333306312561,0.8986774682998657,0.9351573586463928,0.9342590570449829,0.0008984587620943785
11,pseudoname,9,0.8433333039283752,0.8966666460037231,0.8682131767272949,0.932982861995697,0.9388044476509094,-0.005821552127599716
11,pseudoname,10,0.7900000214576721,0.8799999952316284,0.8293169140815735,0.9364632964134216,0.95022052526474,-0.013757226057350636
11,pseudoname,11,0.6833333373069763,0.800000011920929,0.7340993881225586,0.9519830346107483,0.9720719456672668,-0.020088771358132362
11,pseudoname,12,0.2433333396911621,0.41999998688697815,0.33036094903945923,0.9984352588653564,0.9991653561592102,-0.0007300486322492361
11,project,0,0.7066666483879089,0.7566666603088379,0.7322946190834045,0.9730666279792786,0.9832718968391418,-0.01020516362041235
11,project,1,0.8166666626930237,0.8866666555404663,0.847940981388092,0.9755390286445618,0.9836958050727844,-0.008156746625900269
11,project,2,0.7366666793823242,0.846666693687439,0.7814716696739197,0.924826443195343,0.9811885356903076,-0.0563620962202549
11,project,3,0.699999988079071,0.846666693687439,0.7613773345947266,0.9378885626792908,0.9795761108398438,-0.04168753698468208
11,project,4,0.6133333444595337,0.8166666626930237,0.7018052339553833,0.9349903464317322,0.9761110544204712,-0.04112084209918976
11,project,5,0.5633333325386047,0.7833333611488342,0.6585268378257751,0.9393703937530518,0.9761464595794678,-0.03677596524357796
11,project,6,0.46666666865348816,0.6933333277702332,0.572731077671051,0.9343796968460083,0.9734510183334351,-0.03907133638858795
11,project,7,0.38333332538604736,0.5933333039283752,0.4939018785953522,0.9341383576393127,0.9738645553588867,-0.03972606360912323
11,project,8,0.3199999928474426,0.5,0.4232790172100067,0.9297654032707214,0.9728269577026367,-0.04306159168481827
11,project,9,0.273333340883255,0.4833333194255829,0.3779940605163574,0.9283539652824402,0.971360981464386,-0.043007005006074905
11,project,10,0.2133333384990692,0.41333332657814026,0.31598058342933655,0.9260060787200928,0.9713455438613892,-0.04533950984477997
11,project,11,0.1899999976158142,0.33000001311302185,0.2633265554904938,0.9365395307540894,0.9788878560066223,-0.04234840348362923
11,project,12,0.046666666865348816,0.1066666692495346,0.08927730470895767,0.9983530640602112,0.9993740916252136,-0.001021175179630518
22,sequential,0,0.476666659116745,0.5233333110809326,0.5038886666297913,0.9798732399940491,0.9961115717887878,-0.01623821258544922
22,sequential,1,0.653333306312561,0.746666669845581,0.6947848200798035,0.9840413331985474,0.995497465133667,-0.011456177569925785
22,sequential,2,0.46000000834465027,0.6000000238418579,0.5241184830665588,0.9244018793106079,0.9940558075904846,-0.06965392827987671
22,sequential,3,0.2666666805744171,0.40666666626930237,0.33341601490974426,0.9278081059455872,0.992982804775238,-0.06517469137907028
22,sequential,4,0.23000000417232513,0.3233333230018616,0.28338050842285156,0.9246086478233337,0.9916776418685913,-0.06706886738538742
22,sequential,5,0.18000000715255737,0.25333333015441895,0.2296803593635559,0.9358442425727844,0.9920742511749268,-0.056230075657367706
22,sequential,6,0.14666666090488434,0.20999999344348907,0.19009150564670563,0.9325434565544128,0.9908677935600281,-0.058324433863162994
22,sequential,7,0.12333333492279053,0.15333333611488342,0.15022064745426178,0.9304832220077515,0.9895992875099182,-0.059116046875715256
22,sequential,8,0.10333333164453506,0.1366666704416275,0.13173708319664001,0.9210796356201172,0.986344575881958,-0.06526506692171097
22,sequential,9,0.1066666692495346,0.14000000059604645,0.12991763651371002,0.9198439717292786,0.9837906956672668,-0.0639466717839241
22,sequential,10,0.09666666388511658,0.10999999940395355,0.11607115715742111,0.9229193329811096,0.9843775629997253,-0.06145823001861572
22,sequential,11,0.06333333253860474,0.0833333358168602,0.0854305699467659,0.936955988407135,0.9872283935546875,-0.05027246102690697
22,sequential,12,0.01666666753590107,0.046666666865348816,0.042941365391016006,0.9983209371566772,0.9995953440666199,-0.0012744009727612138
22,alphanumeric,0,0.7666666507720947,0.7766666412353516,0.7755518555641174,0.9843833446502686,0.9789928197860718,0.005390363745391369
22,alphanumeric,1,0.8700000047683716,0.8799999952316284,0.8746185302734375,0.9863173365592957,0.9810814261436462,0.005235927179455757
22,alphanumeric,2,0.8600000143051147,0.8766666650772095,0.8687664866447449,0.9347323775291443,0.9752551317214966,-0.040522731840610504
22,alphanumeric,3,0.8633333444595337,0.8799999952316284,0.8707109689712524,0.9278818964958191,0.9704892039299011,-0.04260730370879173
22,alphanumeric,4,0.8666666746139526,0.8799999952316284,0.8737668991088867,0.9261240363121033,0.9644271731376648,-0.03830314055085182
22,alphanumeric,5,0.8600000143051147,0.8799999952316284,0.8684895634651184,0.9316449761390686,0.9633660912513733,-0.031721148639917374
22,alphanumeric,6,0.8266666531562805,0.8566666841506958,0.8407699465751648,0.930054247379303,0.9615321755409241,-0.03147786483168602
22,alphanumeric,7,0.7633333206176758,0.8399999737739563,0.7963945865631104,0.9317635297775269,0.9624862670898438,-0.030722612515091896
22,alphanumeric,8,0.550000011920929,0.6700000166893005,0.6069885492324829,0.9223735332489014,0.9612709283828735,-0.03889737278223038
22,alphanumeric,9,0.46666666865348816,0.5433333516120911,0.5113630890846252,0.9168623685836792,0.959660530090332,-0.042798105627298355
22,alphanumeric,10,0.36666667461395264,0.4233333468437195,0.4073718786239624,0.9186060428619385,0.9651075005531311,-0.04650144651532173
22,alphanumeric,11,0.20000000298023224,0.25999999046325684,0.24312724173069,0.9335141777992249,0.9757440090179443,-0.042229823768138885
22,alphanumeric,12,0.046666666865348816,0.1133333370089531,0.08925140649080276,0.9984172582626343,0.9995608329772949,-0.0011436984641477466
22,pseudoname,0,0.79666668176651,0.8333333134651184,0.8149608373641968,0.9830576777458191,0.9679551124572754,0.01510259322822094
22,pseudoname,1,0.8799999952316284,0.8799999952316284,0.8804683685302734,0.985242486000061,0.9707814455032349,0.014460934326052666
22,pseudoname,2,0.8799999952316284,0.8799999952316284,0.8804322481155396,0.9289302825927734,0.9605340361595154,-0.031603846698999405
22,pseudoname,3,0.8799999952316284,0.8799999952316284,0.8804324269294739,0.9272205829620361,0.9529436230659485,-0.025723017752170563
22,pseudoname,4,0.8799999952316284,0.8799999952316284,0.8804336786270142,0.923900842666626,0.9413362741470337,-0.017435433343052864
22,pseudoname,5,0.8799999952316284,0.8799999952316284,0.8804346919059753,0.9288411736488342,0.9380934834480286,-0.009252377785742283
22,pseudoname,6,0.8799999952316284,0.8799999952316284,0.880437433719635,0.926986813545227,0.9317930340766907,-0.004806285258382559
22,pseudoname,7,0.8799999952316284,0.8799999952316284,0.8804381489753723,0.9285145998001099,0.9318158030509949,-0.0033011676277965307
22,pseudoname,8,0.8633333444595337,0.8799999952316284,0.8701595067977905,0.9265484809875488,0.9352484345436096,-0.008700062520802021
22,pseudoname,9,0.8199999928474426,0.8766666650772095,0.8438403606414795,0.9248964190483093,0.9390961527824402,-0.014199692755937576
22,pseudoname,10,0.7633333206176758,0.8299999833106995,0.7940191626548767,0.9291225075721741,0.950090765953064,-0.020968224853277206
22,pseudoname,11,0.6366666555404663,0.753333330154419,0.6944533586502075,0.9458363056182861,0.9721852540969849,-0.026349062100052834
22,pseudoname,12,0.273333340883255,0.44999998807907104,0.35777777433395386,0.9985654950141907,0.9991784691810608,-0.0006129879038780928
22,project,0,0.7200000286102295,0.7733333110809326,0.7436910271644592,0.9720001220703125,0.9833217263221741,-0.01132154744118452
22,project,1,0.8166666626930237,0.8600000143051147,0.835176944732666,0.9710862040519714,0.9837817549705505,-0.012695460580289364
22,project,2,0.7599999904632568,0.8266666531562805,0.7917046546936035,0.9095984101295471,0.981184184551239,-0.0715857446193695
22,project,3,0.6933333277702332,0.8333333134651184,0.7564631104469299,0.9274837374687195,0.9796786308288574,-0.05219491943717003
22,project,4,0.6066666841506958,0.8199999928474426,0.6954131126403809,0.9239819049835205,0.9762752056121826,-0.05229346454143524
22,project,5,0.5199999809265137,0.7766666412353516,0.6255677342414856,0.9295210838317871,0.9763990044593811,-0.046877846121788025
22,project,6,0.4333333373069763,0.6733333468437195,0.5362349152565002,0.925240159034729,0.9736731052398682,-0.04843287169933319
22,project,7,0.36666667461395264,0.5699999928474426,0.46694448590278625,0.9254072308540344,0.9742155075073242,-0.04880814999341965
22,project,8,0.30666667222976685,0.4633333384990692,0.3994722068309784,0.9216766357421875,0.9731644988059998,-0.05148787796497345
22,project,9,0.2966666519641876,0.44333332777023315,0.38234424591064453,0.9204606413841248,0.9712617993354797,-0.0508011132478714
22,project,10,0.2433333396911621,0.41999998688697815,0.32991668581962585,0.917614221572876,0.9709509015083313,-0.05333663895726204
22,project,11,0.2133333384990692,0.3233333230018616,0.2791154980659485,0.9281201362609863,0.978159487247467,-0.0500393807888031
22,project,12,0.0533333346247673,0.1433333307504654,0.11324699223041534,0.9984540939331055,0.9993665814399719,-0.0009124394273385406
33,sequential,0,0.4633333384990692,0.503333330154419,0.4917474389076233,0.9786122441291809,0.996058464050293,-0.017446095123887062
33,sequential,1,0.5866666436195374,0.7066666483879089,0.6415324807167053,0.9832262396812439,0.9955338835716248,-0.012307621538639069
33,sequential,2,0.4099999964237213,0.550000011920929,0.4798613488674164,0.9204258322715759,0.9942012429237366,-0.07377546280622482
33,sequential,3,0.25,0.3733333349227905,0.3186221420764923,0.9233326315879822,0.9930915236473083,-0.06975901126861572
33,sequential,4,0.2133333384990692,0.31333333253860474,0.2693306803703308,0.9204550385475159,0.9919040203094482,-0.07144895195960999
33,sequential,5,0.1899999976158142,0.2633333206176758,0.2321542352437973,0.9327467679977417,0.9923378229141235,-0.05959104001522064
33,sequential,6,0.14666666090488434,0.20666666328907013,0.18977247178554535,0.9291024804115295,0.9911444187164307,-0.062042009085416794
33,sequential,7,0.12333333492279053,0.15666666626930237,0.1515083760023117,0.9275544285774231,0.9901086688041687,-0.06255416572093964
33,sequential,8,0.10000000149011612,0.13333334028720856,0.12784026563167572,0.9187122583389282,0.9871728420257568,-0.06846063584089279
33,sequential,9,0.09333333373069763,0.1066666692495346,0.11360067874193192,0.9166143536567688,0.9847213625907898,-0.06810708343982697
33,sequential,10,0.07000000029802322,0.10333333164453506,0.09432904422283173,0.9206721782684326,0.985251247882843,-0.06457898020744324
33,sequential,11,0.046666666865348816,0.08666666597127914,0.07370288670063019,0.9349998235702515,0.9881017804145813,-0.053101908415555954
33,sequential,12,0.019999999552965164,0.04333333298563957,0.03971830755472183,0.9982033371925354,0.999628484249115,-0.001425173250027001
33,alphanumeric,0,0.7799999713897705,0.79666668176651,0.7878583669662476,0.9838140606880188,0.9784056544303894,0.005408358760178089
33,alphanumeric,1,0.8733333349227905,0.8733333349227905,0.8738124370574951,0.9863004684448242,0.9807958006858826,0.0055045634508132935
33,alphanumeric,2,0.8633333444595337,0.8733333349227905,0.8682377934455872,0.9335125684738159,0.9749441742897034,-0.041431523859500885
33,alphanumeric,3,0.8633333444595337,0.8733333349227905,0.8682380318641663,0.9243758916854858,0.9701834321022034,-0.04580757021903992
33,alphanumeric,4,0.8700000047683716,0.8733333349227905,0.8721270561218262,0.9227553009986877,0.9638946652412415,-0.041139233857393265
33,alphanumeric,5,0.8666666746139526,0.8733333349227905,0.8704606294631958,0.928261399269104,0.9627862572669983,-0.03452489897608757
33,alphanumeric,6,0.7766666412353516,0.8500000238418579,0.8065714240074158,0.9273362159729004,0.9608701467514038,-0.033533938229084015
33,alphanumeric,7,0.7166666388511658,0.8133333325386047,0.7612237334251404,0.9288321733474731,0.9617404341697693,-0.032908257097005844
33,alphanumeric,8,0.5533333420753479,0.653333306312561,0.6045976281166077,0.918930172920227,0.9607247114181519,-0.041794560849666595
33,alphanumeric,9,0.46000000834465027,0.5299999713897705,0.4994232654571533,0.9136083722114563,0.9597898125648499,-0.046181391924619675
33,alphanumeric,10,0.3333333432674408,0.4099999964237213,0.37893956899642944,0.9156131148338318,0.9655460715293884,-0.0499328151345253
33,alphanumeric,11,0.20999999344348907,0.25999999046325684,0.24735857546329498,0.9324211478233337,0.9763346314430237,-0.04391348734498024
33,alphanumeric,12,0.05000000074505806,0.10333333164453506,0.08494513481855392,0.998258650302887,0.9995779395103455,-0.001319332281127572
33,pseudoname,0,0.8033333420753479,0.8133333325386047,0.8119572401046753,0.9807947874069214,0.9669498801231384,0.013844742439687252
33,pseudoname,1,0.8733333349227905,0.8733333349227905,0.873822808265686,0.9827064275741577,0.9707854390144348,0.011920914985239506
33,pseudoname,2,0.8733333349227905,0.8733333349227905,0.8737905621528625,0.9217805862426758,0.9606331586837769,-0.038852572441101074
33,pseudoname,3,0.8733333349227905,0.8733333349227905,0.873790979385376,0.9223373532295227,0.9530620574951172,-0.03072478622198105
33,pseudoname,4,0.8733333349227905,0.8733333349227905,0.8737919926643372,0.9195600152015686,0.9415477514266968,-0.02198788709938526
33,pseudoname,5,0.8733333349227905,0.8733333349227905,0.8737929463386536,0.9255179762840271,0.9383155107498169,-0.012797477655112743
33,pseudoname,6,0.8733333349227905,0.8733333349227905,0.8737954497337341,0.9243938326835632,0.9317128658294678,-0.007319013122469187
33,pseudoname,7,0.8700000047683716,0.8733333349227905,0.8721300363540649,0.9253355860710144,0.9313135743141174,-0.005978126544505358
33,pseudoname,8,0.8366666436195374,0.8733333349227905,0.8543511033058167,0.922982394695282,0.9346593022346497,-0.011677013710141182
33,pseudoname,9,0.79666668176651,0.8633333444595337,0.8261076807975769,0.9214118719100952,0.939427375793457,-0.018015479668974876
33,pseudoname,10,0.7233333587646484,0.8100000023841858,0.7659602761268616,0.9256420731544495,0.9506431221961975,-0.025001095607876778
33,pseudoname,11,0.6033333539962769,0.7133333086967468,0.6601749658584595,0.9424668550491333,0.9723856449127197,-0.029918823391199112
33,pseudoname,12,0.30000001192092896,0.4233333468437195,0.3641614317893982,0.9984259009361267,0.9991751313209534,-0.0007491054129786789
33,project,0,0.6833333373069763,0.7433333396911621,0.7078889012336731,0.9704008102416992,0.9829728007316589,-0.012572002597153187
33,project,1,0.8100000023841858,0.8600000143051147,0.8325925469398499,0.9702548384666443,0.9835160374641418,-0.013261339627206326
33,project,2,0.7300000190734863,0.8399999737739563,0.7740164399147034,0.9052735567092896,0.9810408353805542,-0.07576730102300644
33,project,3,0.6700000166893005,0.8233333230018616,0.7364175915718079,0.9231822490692139,0.979556143283844,-0.05637393891811371
33,project,4,0.5933333039283752,0.8033333420753479,0.6797822713851929,0.9201115965843201,0.9761125445365906,-0.05600091814994812
33,project,5,0.49666666984558105,0.7599999904632568,0.6043863892555237,0.9263756275177002,0.9762776494026184,-0.04990210384130478
33,project,6,0.4266666769981384,0.6666666865348816,0.5361751317977905,0.9225611090660095,0.9736636281013489,-0.0511024110019207
33,project,7,0.36000001430511475,0.596666693687439,0.4664320945739746,0.9226288795471191,0.9742934107780457,-0.051664479076862335
33,project,8,0.2933333218097687,0.47999998927116394,0.3900757431983948,0.9184193015098572,0.9735109210014343,-0.05509156361222267
33,project,9,0.27000001072883606,0.41999998688697815,0.35501760244369507,0.9174070954322815,0.9721180200576782,-0.05471087247133255
33,project,10,0.2199999988079071,0.36000001430511475,0.303733229637146,0.914542019367218,0.9716871976852417,-0.05714520812034607
33,project,11,0.1599999964237213,0.3033333420753479,0.23903816938400269,0.9261258840560913,0.9790758490562439,-0.05294989049434662
33,project,12,0.046666666865348816,0.10333333164453506,0.09395677596330643,0.9983857274055481,0.9993892312049866,-0.0010034869192168117
44,sequential,0,0.476666659116745,0.5400000214576721,0.5143289566040039,0.9831719994544983,0.9960540533065796,-0.012882165610790253
44,sequential,1,0.653333306312561,0.7766666412353516,0.7041863203048706,0.9881623387336731,0.9956007599830627,-0.007438464090228081
44,sequential,2,0.49000000953674316,0.6000000238418579,0.5437631011009216,0.9488843679428101,0.9942501783370972,-0.04536595568060875
44,sequential,3,0.3266666531562805,0.4233333468437195,0.3802303969860077,0.9498573541641235,0.9930504560470581,-0.04319317638874054
44,sequential,4,0.25333333015441895,0.3633333444595337,0.31068092584609985,0.9465402960777283,0.9916951656341553,-0.04515484347939491
44,sequential,5,0.20333333313465118,0.3100000023841858,0.25933730602264404,0.9528791308403015,0.9920384883880615,-0.0391593873500824
44,sequential,6,0.18333333730697632,0.2566666603088379,0.22718915343284607,0.9489330053329468,0.990715742111206,-0.04178287833929062
44,sequential,7,0.14666666090488434,0.18333333730697632,0.17510706186294556,0.9468449950218201,0.9897993803024292,-0.04295453429222107
44,sequential,8,0.11999999731779099,0.15000000596046448,0.14525867998600006,0.936920702457428,0.9867032766342163,-0.04978262260556221
44,sequential,9,0.1133333370089531,0.14000000059604645,0.1373959183692932,0.9354053735733032,0.9846141338348389,-0.049208734184503555
44,sequential,10,0.09666666388511658,0.1066666692495346,0.11238312721252441,0.9384306073188782,0.9852851629257202,-0.04685467109084129
44,sequential,11,0.06333333253860474,0.08666666597127914,0.0838819369673729,0.9501692652702332,0.9883775115013123,-0.038208167999982834
44,sequential,12,0.036666665226221085,0.04333333298563957,0.05276288837194443,0.9982829689979553,0.9996190667152405,-0.00133612472563982
44,alphanumeric,0,0.8066666722297668,0.8333333134651184,0.8190202116966248,0.9868931174278259,0.9775118231773376,0.009381312876939774
44,alphanumeric,1,0.9166666865348816,0.9233333468437195,0.9202783107757568,0.9899794459342957,0.9802302122116089,0.009749253280460835
44,alphanumeric,2,0.9066666960716248,0.9233333468437195,0.9147126078605652,0.9564881324768066,0.9740207195281982,-0.01753251813352108
44,alphanumeric,3,0.9100000262260437,0.9233333468437195,0.9169347882270813,0.9497356414794922,0.9691988229751587,-0.0194631926715374
44,alphanumeric,4,0.9133333563804626,0.9233333468437195,0.9186014533042908,0.9477707147598267,0.9627580642700195,-0.014987349510192871
44,alphanumeric,5,0.903333306312561,0.9233333468437195,0.9130459427833557,0.9507603049278259,0.9619783759117126,-0.011217969469726086
44,alphanumeric,6,0.8833333253860474,0.9066666960716248,0.8949291706085205,0.9489501118659973,0.9606753587722778,-0.011725201271474361
44,alphanumeric,7,0.8133333325386047,0.8700000047683716,0.8388701677322388,0.9487173557281494,0.9615704417228699,-0.012853148393332958
44,alphanumeric,8,0.6466666460037231,0.7366666793823242,0.6896771192550659,0.9390247464179993,0.9611089825630188,-0.022084182128310204
44,alphanumeric,9,0.5400000214576721,0.6100000143051147,0.5811358690261841,0.9333169460296631,0.9602184891700745,-0.02690153755247593
44,alphanumeric,10,0.4033333361148834,0.49000000953674316,0.4502706825733185,0.9340859055519104,0.9656376242637634,-0.03155173733830452
44,alphanumeric,11,0.25,0.30000001192092896,0.28706592321395874,0.9462825655937195,0.9762943387031555,-0.030011653900146484
44,alphanumeric,12,0.05666666850447655,0.11666666716337204,0.09566521644592285,0.9984715580940247,0.9995566010475159,-0.0010848903330042958
44,pseudoname,0,0.8266666531562805,0.8666666746139526,0.846603512763977,0.9845921993255615,0.9675071239471436,0.01708506979048252
44,pseudoname,1,0.9233333468437195,0.9233333468437195,0.923607587814331,0.9875361919403076,0.9709357619285583,0.016600528731942177
44,pseudoname,2,0.9233333468437195,0.9233333468437195,0.9236010909080505,0.9492794871330261,0.960589587688446,-0.011310135945677757
44,pseudoname,3,0.9200000166893005,0.9233333468437195,0.9219346046447754,0.9488846659660339,0.9530196189880371,-0.00413491390645504
44,pseudoname,4,0.9233333468437195,0.9233333468437195,0.9236013889312744,0.9456483721733093,0.9412679076194763,0.00438053859397769
44,pseudoname,5,0.9233333468437195,0.9233333468437195,0.9236019849777222,0.9492160081863403,0.9378035664558411,0.011412419378757477
44,pseudoname,6,0.9200000166893005,0.9233333468437195,0.9219361543655396,0.9472326636314392,0.9309280514717102,0.016304640099406242
44,pseudoname,7,0.9200000166893005,0.9233333468437195,0.9219366312026978,0.9467329978942871,0.9311633110046387,0.01556963287293911
44,pseudoname,8,0.8899999856948853,0.9200000166893005,0.9042970538139343,0.9436262845993042,0.9349337816238403,0.008692656643688679
44,pseudoname,9,0.8533333539962769,0.903333306312561,0.8754156231880188,0.9410668015480042,0.9398763179779053,0.0011905780993402004
44,pseudoname,10,0.8033333420753479,0.8799999952316284,0.8385809659957886,0.9437931180000305,0.9510967135429382,-0.007303623948246241
44,pseudoname,11,0.6600000262260437,0.8133333325386047,0.7298530340194702,0.9572814106941223,0.9728825092315674,-0.015601084567606449
44,pseudoname,12,0.33666667342185974,0.4833333194255829,0.4066811800003052,0.998575747013092,0.9991834759712219,-0.00060771603602916
44,project,0,0.7333333492279053,0.79666668176651,0.7621668577194214,0.9764230251312256,0.9827443361282349,-0.00632130540907383
44,project,1,0.8433333039283752,0.9166666865348816,0.8732995390892029,0.9790316820144653,0.9833729863166809,-0.004341344814747572
44,project,2,0.79666668176651,0.8733333349227905,0.8278133869171143,0.9379551410675049,0.9806838035583496,-0.04272884875535965
44,project,3,0.7400000095367432,0.8733333349227905,0.7951173186302185,0.9483648538589478,0.979091465473175,-0.030726635828614235
44,project,4,0.6566666960716248,0.8433333039283752,0.738558828830719,0.9450812935829163,0.9756150245666504,-0.030533742159605026
44,project,5,0.5699999928474426,0.79666668176651,0.6681127548217773,0.9478482007980347,0.9758809208869934,-0.028032779693603516
44,project,6,0.49000000953674316,0.699999988079071,0.5895237326622009,0.9426621794700623,0.973249614238739,-0.030587399378418922
44,project,7,0.4033333361148834,0.6333333253860474,0.5130497813224792,0.9412431716918945,0.9739758372306824,-0.032732587307691574
44,project,8,0.3466666638851166,0.5400000214576721,0.4419398903846741,0.9362479448318481,0.9730223417282104,-0.03677435591816902
44,project,9,0.31333333253860474,0.5099999904632568,0.4084511399269104,0.9345743656158447,0.9718643426895142,-0.0372898131608963
44,project,10,0.23999999463558197,0.4333333373069763,0.3323020935058594,0.9318888187408447,0.9718191623687744,-0.03993022069334984
44,project,11,0.17666666209697723,0.2966666519641876,0.24680152535438538,0.9419896602630615,0.9792246222496033,-0.037235092371702194
44,project,12,0.07333333045244217,0.1433333307504654,0.12363076210021973,0.9983974099159241,0.9993801712989807,-0.000982788042165339
55,sequential,0,0.4333333373069763,0.4833333194255829,0.45893773436546326,0.9814388751983643,0.9960448145866394,-0.014605922624468803
55,sequential,1,0.6100000143051147,0.7133333086967468,0.6594838500022888,0.9873137474060059,0.9955405592918396,-0.008226781152188778
55,sequential,2,0.4266666769981384,0.5333333611488342,0.48580703139305115,0.9448994994163513,0.9942409992218018,-0.049341537058353424
55,sequential,3,0.2966666519641876,0.4033333361148834,0.35137930512428284,0.946047842502594,0.9930509328842163,-0.04700307920575142
55,sequential,4,0.23000000417232513,0.3233333230018616,0.2833954989910126,0.9429881572723389,0.991787314414978,-0.048799119889736176
55,sequential,5,0.18666666746139526,0.28333333134651184,0.2348741888999939,0.949597179889679,0.9920284152030945,-0.0424313060939312
55,sequential,6,0.15333333611488342,0.22333332896232605,0.19573600590229034,0.9457470774650574,0.9905210137367249,-0.044773899018764496
55,sequential,7,0.1133333370089531,0.16333332657814026,0.14562799036502838,0.943073034286499,0.989337682723999,-0.046264708042144775
55,sequential,8,0.10333333164453506,0.12999999523162842,0.1266041398048401,0.9332259297370911,0.9861840605735779,-0.05295823514461517
55,sequential,9,0.10333333164453506,0.12666666507720947,0.12467028200626373,0.9303615093231201,0.9834548830986023,-0.05309341847896576
55,sequential,10,0.07666666805744171,0.12333333492279053,0.1059291809797287,0.9345999956130981,0.984453558921814,-0.049853548407554626
55,sequential,11,0.05666666850447655,0.07000000029802322,0.07493848353624344,0.9475398659706116,0.987456738948822,-0.03991694375872612
55,sequential,12,0.019999999552965164,0.046666666865348816,0.042802974581718445,0.9982485175132751,0.9996327757835388,-0.001384253497235477
55,alphanumeric,0,0.7733333110809326,0.79666668176651,0.7874702215194702,0.9854287505149841,0.9782996773719788,0.007129047065973282
55,alphanumeric,1,0.9166666865348816,0.9166666865348816,0.9169679880142212,0.9890418648719788,0.9803757667541504,0.008666087873280048
55,alphanumeric,2,0.9100000262260437,0.9166666865348816,0.9122376441955566,0.9520495533943176,0.9743355512619019,-0.022285977378487587
55,alphanumeric,3,0.9100000262260437,0.9166666865348816,0.9130712151527405,0.9460572600364685,0.9694406986236572,-0.023383503779768944
55,alphanumeric,4,0.9133333563804626,0.9166666865348816,0.9152934551239014,0.944077730178833,0.9628547430038452,-0.018777012825012207
55,alphanumeric,5,0.8833333253860474,0.9166666865348816,0.8986271023750305,0.947408139705658,0.9619719386100769,-0.014563720673322678
55,alphanumeric,6,0.8166666626930237,0.8700000047683716,0.8443875312805176,0.9454953074455261,0.9603947997093201,-0.0148994829505682
55,alphanumeric,7,0.7733333110809326,0.8233333230018616,0.8002951145172119,0.9456477761268616,0.9614143967628479,-0.015766529366374016
55,alphanumeric,8,0.5933333039283752,0.6966666579246521,0.6453626751899719,0.9354868531227112,0.9604429006576538,-0.02495609037578106
55,alphanumeric,9,0.5400000214576721,0.6200000047683716,0.5815362334251404,0.9303078055381775,0.9595804810523987,-0.02927267737686634
55,alphanumeric,10,0.38333332538604736,0.49666666984558105,0.44230106472969055,0.9316259622573853,0.965350329875946,-0.03372436389327049
55,alphanumeric,11,0.273333340883255,0.3400000035762787,0.31866395473480225,0.9447751641273499,0.9761309027671814,-0.031355686485767365
55,alphanumeric,12,0.06666667014360428,0.13333334028720856,0.11021345853805542,0.9983552098274231,0.9995329976081848,-0.0011776424944400787
55,pseudoname,0,0.8266666531562805,0.8600000143051147,0.8438584208488464,0.9837810397148132,0.9682245850563049,0.015556424856185913
55,pseudoname,1,0.9166666865348816,0.9166666865348816,0.9169809818267822,0.9877352714538574,0.9713694453239441,0.016365839168429375
55,pseudoname,2,0.9133333563804626,0.9166666865348816,0.9152924418449402,0.9468067288398743,0.9611931443214417,-0.014386424794793129
55,pseudoname,3,0.9166666865348816,0.9166666865348816,0.9169593453407288,0.9456775784492493,0.9535040259361267,-0.007826386950910091
55,pseudoname,4,0.9166666865348816,0.9166666865348816,0.916959822177887,0.9420037865638733,0.9414858222007751,0.0005178991705179214
55,pseudoname,5,0.9166666865348816,0.9166666865348816,0.9169605374336243,0.9457027316093445,0.9379618167877197,0.007740921340882778
55,pseudoname,6,0.9133333563804626,0.9166666865348816,0.9152941703796387,0.9435121417045593,0.9313819408416748,0.012130198068916798
55,pseudoname,7,0.9066666960716248,0.9166666865348816,0.9114055633544922,0.9435272216796875,0.9319272041320801,0.011600129306316376
55,pseudoname,8,0.8933333158493042,0.9100000262260437,0.8997507691383362,0.940624475479126,0.9356878399848938,0.0049366638995707035
55,pseudoname,9,0.8566666841506958,0.8966666460037231,0.8775414228439331,0.938686728477478,0.9400601387023926,-0.0013733231462538242
55,pseudoname,10,0.8166666626930237,0.8833333253860474,0.8461194634437561,0.9418795704841614,0.9509661793708801,-0.009086492471396923
55,pseudoname,11,0.699999988079071,0.8100000023841858,0.7500901818275452,0.9561312794685364,0.9726762771606445,-0.016544964164495468
55,pseudoname,12,0.3199999928474426,0.4699999988079071,0.3952772915363312,0.9985575079917908,0.9991667866706848,-0.0006091761752031744
55,project,0,0.6866666674613953,0.7599999904632568,0.716587245464325,0.9743468165397644,0.9830247759819031,-0.008677865378558636
55,project,1,0.8433333039283752,0.903333306312561,0.8712506294250488,0.9777875542640686,0.9834539890289307,-0.0056663560681045055
55,project,2,0.7300000190734863,0.8600000143051147,0.7880273461341858,0.9332088232040405,0.9809668064117432,-0.047757890075445175
55,project,3,0.6600000262260437,0.8566666841506958,0.7462931275367737,0.9442762136459351,0.9794518947601318,-0.03517571836709976
55,project,4,0.5933333039283752,0.8066666722297668,0.68963623046875,0.9406545162200928,0.9761416912078857,-0.035487089306116104
55,project,5,0.5233333110809326,0.7699999809265137,0.6286093592643738,0.9436311721801758,0.9762839674949646,-0.032652728259563446
55,project,6,0.4466666579246521,0.6833333373069763,0.5551738739013672,0.9387237429618835,0.9736738204956055,-0.03495008125901222
55,project,7,0.3700000047683716,0.5766666531562805,0.4780476987361908,0.9378243088722229,0.9743374586105347,-0.03651311621069908
55,project,8,0.3199999928474426,0.5099999904632568,0.4124206602573395,0.9333276152610779,0.9734724760055542,-0.040144868195056915
55,project,9,0.2866666615009308,0.4833333194255829,0.38615238666534424,0.9322965741157532,0.9721037745475769,-0.03980730473995209
55,project,10,0.23333333432674408,0.44999998807907104,0.3358546495437622,0.9302119016647339,0.9720727801322937,-0.0418609194457531
55,project,11,0.20333333313465118,0.36000001430511475,0.2845677435398102,0.9407063722610474,0.9791778326034546,-0.038471464067697525
55,project,12,0.05666666850447655,0.15000000596046448,0.10992085933685303,0.9983674883842468,0.9993613958358765,-0.000993905821815133
