dataset,representation,test_accuracy,test_top3,test_mrr,test_mean_rank
wikitext,L1_MEAN,0.75,0.940625011920929,0.8478332757949829,1.59375
wikitext,L4_MEAN,0.7125000357627869,0.921875,0.822443962097168,1.681249976158142
wikitext,L8_MEAN,0.59375,0.831250011920929,0.7333270907402039,2.2437500953674316
wikitext,L10_MEAN,0.5687500238418579,0.793749988079071,0.7009674906730652,2.559375047683716
wikitext,L11_MEAN,0.515625,0.737500011920929,0.6615196466445923,2.796875
wikitext,L12_MEAN,0.4593749940395355,0.734375,0.6239743232727051,3.065624952316284
wikitext,L12_LAST,0.3531250059604645,0.6312500238418579,0.5305930972099304,3.8656251430511475
wikitext,L8_TO_L11_MEAN,0.5625,0.809374988079071,0.7083139419555664,2.3812501430511475
wikitext,L9_TO_L12_MEAN,0.5375000238418579,0.78125,0.6856921315193176,2.565624952316284
pg19,L1_MEAN,0.71875,0.8968750238418579,0.8170324563980103,1.8250000476837158
pg19,L4_MEAN,0.6625000238418579,0.859375,0.772413432598114,2.1500000953674316
pg19,L8_MEAN,0.550000011920929,0.784375011920929,0.6867639422416687,2.6468751430511475
pg19,L10_MEAN,0.484375,0.699999988079071,0.6231436729431152,3.2281250953674316
pg19,L11_MEAN,0.45000001788139343,0.675000011920929,0.6011794209480286,3.3031251430511475
pg19,L12_MEAN,0.4156250059604645,0.6468750238418579,0.5735325217247009,3.5562500953674316
pg19,L12_LAST,0.22187499701976776,0.41875001788139343,0.3869987428188324,5.528125286102295
pg19,L8_TO_L11_MEAN,0.4781250059604645,0.7406250238418579,0.6378172636032104,2.846874952316284
pg19,L9_TO_L12_MEAN,0.48125001788139343,0.71875,0.631568431854248,3.034374952316284
